name,region,city,category,description,address,latitude,longitude,price_range,duration_hours,companion_type,tags,rating,image_url,score,avg_stay_minutes,entry_fee,place_type
경복궁,SEL,종로구,attraction,조선왕조의 정궁으로 한국의 전통 문화를 체험할 수 있는 대표 관광지. 수문장 교대식과 궁궐 투어가 인기,서울특별시 종로구 사직로 161,37.5796,126.9770,budget_low,3,"[""family"",""couple"",""friends"",""solo""]","[""문화"",""역사"",""전통"",""관광"",""사진""]",4.3,https://example.com/gyeongbok.jpg,4.5,180,3000,ATTRACTION
북촌한옥마을,SEL,종로구,attraction,조선시대 양반들의 주거지역으로 전통 한옥의 아름다움을 만날 수 있는 곳. 무료 산책코스로 인기,서울특별시 종로구 계동길,37.5816,126.9831,budget_free,2,"[""couple"",""friends"",""solo"",""family""]","[""한옥"",""전통"",""산책"",""무료"",""포토스팟""]",4.2,https://example.com/bukchon.jpg,4.3,120,0,ATTRACTION
인사동 쌈지길,SEL,종로구,shopping,나선형 구조의 독특한 쇼핑몰로 수공예품과 기념품을 저렴하게 구매할 수 있는 곳,서울특별시 종로구 인사동길 44,37.5703,126.9852,budget_medium,1,"[""friends"",""couple"",""solo""]","[""쇼핑"",""수공예"",""기념품"",""독특한"",""실내""]",4.0,https://example.com/ssamzigil.jpg,4.1,90,0,SHOPPING
종로 청년몰,SEL,종로구,cafe,청년 창업가들이 운영하는 카페와 상점들이 모인 복합문화공간. 착한 가격의 커피와 디저트,서울특별시 종로구 종로 지하상가,37.5703,126.9827,budget_low,2,"[""friends"",""solo"",""couple""]","[""청년창업"",""카페"",""착한가격"",""지하상가"",""모임""]",4.0,https://example.com/jongno-youth.jpg,4.0,120,0,CAFE
청와대 사랑채,SEL,종로구,attraction,대한민국 정부와 한국문화를 소개하는 무료 전시관. 가상현실 체험과 기념품샵 운영,서울특별시 종로구 효자로 13-45,37.5757,126.9707,budget_free,1,"[""family"",""friends"",""solo""]","[""무료"",""체험"",""정치"",""문화"",""실내""]",3.9,https://example.com/cheongwadae.jpg,3.8,90,0,ATTRACTION
광장시장,SEL,종로구,restaurant,100년 역사의 전통시장으로 빈대떡 마약김밥 등 저렴하고 맛있는 먹거리의 천국,서울특별시 종로구 창경궁로 88,37.5707,126.9996,budget_low,2,"[""friends"",""family"",""couple""]","[""전통시장"",""먹거리"",""가성비"",""빈대떡"",""마약김밥""]",4.4,https://example.com/gwangjang.jpg,4.5,120,0,RESTAURANT
탑골공원,SEL,종로구,attraction,3·1운동 발원지로 역사적 의미가 깊은 무료 휴식공간. 도심 속 작은 쉼터,서울특별시 종로구 종로2가,37.5701,126.9851,budget_free,1,"[""solo"",""couple"",""friends""]","[""역사"",""공원"",""무료"",""휴식"",""3.1운동""]",3.7,https://example.com/tapgol.jpg,3.6,60,0,ATTRACTION
종묘,SEL,종로구,attraction,조선왕조 왕과 왕비의 신주를 모신 유네스코 세계문화유산. 한국 전통건축의 정수를 체험,서울특별시 종로구 훈정동,37.5743,126.9936,budget_low,2,"[""solo"",""couple"",""friends""]","[""세계문화유산"",""전통건축"",""역사"",""조선왕조"",""문화""]",4.1,https://example.com/jongmyo.jpg,4.2,120,1000,ATTRACTION
홍대 카페거리,SEL,마포구,cafe,젊음과 창의가 만나는 홍대의 대표 카페거리. 독특한 컨셉 카페들과 거리 공연이 볼거리,서울특별시 마포구 홍대입구,37.5563,126.9236,budget_medium,2,"[""friends"",""couple""]","[""카페"",""힙한"",""젊음"",""문화"",""데이트""]",4.1,https://example.com/hongdae.jpg,4.2,120,0,CAFE
합정 로컬푸드 직매장,SEL,마포구,shopping,전국 각지의 신선한 농산물을 도시 한복판에서 합리적 가격에 만날 수 있는 직매장,서울특별시 마포구 합정동,37.5493,126.9139,budget_low,1,"[""family"",""friends"",""solo""]","[""로컬푸드"",""농산물"",""합리적"",""신선"",""직매장""]",4.0,https://example.com/hapjeong-local.jpg,4.0,90,0,SHOPPING
망원시장,SEL,마포구,restaurant,젊은 층에게 핫한 전통시장으로 변신한 망원시장. 저렴한 가격의 다양한 먹거리와 카페들이 공존,서울특별시 마포구 망원동,37.5558,126.9061,budget_low,2,"[""friends"",""couple"",""solo""]","[""전통시장"",""핫플"",""먹거리"",""카페"",""청년""]",4.3,https://example.com/mangwon.jpg,4.4,120,0,RESTAURANT
한강공원 망원지구,SEL,마포구,attraction,한강을 바라보며 피크닉을 즐길 수 있는 무료 휴식공간. 자전거 대여와 산책로 완비,서울특별시 마포구 망원동,37.5491,126.8965,budget_free,3,"[""friends"",""couple"",""family"",""solo""]","[""한강"",""피크닉"",""무료"",""자전거"",""산책""]",4.2,https://example.com/hangang-mangwon.jpg,4.3,180,0,ATTRACTION
상상마당,SEL,마포구,attraction,KT&G에서 운영하는 복합문화공간으로 무료 전시와 공연 영화상영을 즐길 수 있는 곳,서울특별시 마포구 어울마당로 65,37.5506,126.9205,budget_free,2,"[""friends"",""couple"",""solo""]","[""문화공간"",""무료"",""전시"",""공연"",""영화""]",4.0,https://example.com/sangsangmadang.jpg,4.0,120,0,ATTRACTION
홍대 놀이터,SEL,마포구,attraction,젊은이들의 거리공연과 버스킹의 중심지. 자유롭고 열정적인 분위기의 야외 공연장,서울특별시 마포구 홍대입구역 9번출구,37.5572,126.9236,budget_free,2,"[""friends"",""couple"",""solo""]","[""거리공연"",""버스킹"",""무료"",""젊음"",""열정""]",4.1,https://example.com/hongdae-noriteo.jpg,4.1,120,0,ATTRACTION
월드컵공원,SEL,마포구,attraction,2002년 월드컵을 기념해 조성된 대규모 생태공원. 5개의 테마공원으로 나뉘어 다양한 체험 가능,서울특별시 마포구 상암동,37.5678,126.8897,budget_free,4,"[""family"",""friends"",""couple"",""solo""]","[""생태공원"",""무료"",""넓은"",""산책"",""가족""]",4.2,https://example.com/worldcup-park.jpg,4.2,240,0,ATTRACTION
DMC 청년창업 허브카페,SEL,마포구,cafe,상암DMC의 청년창업가들이 모이는 협업공간 겸 카페. 네트워킹과 스터디 모임 장소로 인기,서울특별시 마포구 상암동,37.5791,126.8896,budget_medium,3,"[""friends"",""solo""]","[""창업"",""협업공간"",""네트워킹"",""스터디"",""모던""]",3.9,https://example.com/dmc-hub.jpg,3.9,180,0,CAFE
선정릉,SEL,강남구,attraction,조선 9대 성종과 중종의 능으로 도심 속 조용한 산책로. 유네스코 세계문화유산으로 지정,서울특별시 강남구 선릉로100길,37.5040,127.0465,budget_low,2,"[""solo"",""couple"",""friends""]","[""왕릉"",""세계문화유산"",""산책"",""조용한"",""역사""]",4.0,https://example.com/seonjeongneung.jpg,4.0,120,1000,ATTRACTION
봉은사,SEL,강남구,attraction,강남 한복판의 1200년 고찰. 템플스테이 프로그램과 도심 속 힐링 공간으로 유명,서울특별시 강남구 봉은사로 531,37.5145,127.0583,budget_free,1,"[""solo"",""friends"",""couple""]","[""사찰"",""힐링"",""템플스테이"",""무료"",""도심""]",4.1,https://example.com/bongeunsa.jpg,4.1,90,0,ATTRACTION
코엑스 별마당도서관,SEL,강남구,attraction,아시아 최대 규모의 복합쇼핑몰 내 무료 도서관. 인스타그래머블한 공간으로 젊은층에게 인기,서울특별시 강남구 영동대로 513,37.5115,127.0590,budget_free,2,"[""solo"",""friends"",""couple""]","[""도서관"",""무료"",""포토스팟"",""실내"",""독서""]",4.3,https://example.com/starfield-library.jpg,4.4,120,0,ATTRACTION
강남 지하상가,SEL,강남구,shopping,강남역과 교대역을 연결하는 대형 지하상가. 합리적 가격의 의류와 액세서리 쇼핑 가능,서울특별시 강남구 강남대로 지하,37.4979,127.0276,budget_medium,2,"[""friends"",""solo""]","[""지하상가"",""쇼핑"",""의류"",""액세서리"",""실내""]",3.8,https://example.com/gangnam-underground.jpg,3.8,120,0,SHOPPING
신사동 가로수길,SEL,강남구,cafe,트렌디한 카페와 부티크가 즐비한 거리. 독특한 컨셉의 카페들이 많아 카페투어에 최적,서울특별시 강남구 신사동 가로수길,37.5197,127.0229,budget_medium,3,"[""friends"",""couple""]","[""가로수길"",""트렌디"",""카페투어"",""부티크"",""데이트""]",4.2,https://example.com/garosu-gil.jpg,4.3,180,0,CAFE
청담공원,SEL,강남구,attraction,한강과 인접한 조용한 근린공원. 산책과 조깅 운동을 즐길 수 있는 무료 휴식공간,서울특별시 강남구 청담동,37.5276,127.0476,budget_free,2,"[""solo"",""friends"",""couple""]","[""공원"",""무료"",""산책"",""조깅"",""한강""]",3.9,https://example.com/cheongdam-park.jpg,3.9,120,0,ATTRACTION
학동공원,SEL,강남구,attraction,도심 속 작은 쉼터로 벚꽃 시즌에 특히 아름다운 공원. 무료 산책코스와 운동시설 완비,서울특별시 강남구 논현동,37.5089,127.0384,budget_free,1,"[""solo"",""couple"",""friends""]","[""공원"",""벚꽃"",""무료"",""운동시설"",""산책""]",3.7,https://example.com/hakdong-park.jpg,3.7,90,0,ATTRACTION
압구정 청년 창업거리,SEL,강남구,cafe,젊은 창업가들이 운영하는 독창적인 카페와 상점들이 모인 거리. 합리적 가격으로 트렌디한 경험,서울특별시 강남구 압구정동,37.5274,127.0282,budget_medium,2,"[""friends"",""couple"",""solo""]","[""청년창업"",""독창적"",""트렌디"",""카페"",""합리적""]",4.0,https://example.com/apgujeong-startup.jpg,4.0,120,0,CAFE
인천 차이나타운,SDG,인천,restaurant,한국 최초의 차이나타운으로 저렴한 중국음식과 이국적 분위기를 만끽할 수 있는 곳,인천광역시 중구 차이나타운로,37.4759,126.6164,budget_medium,3,"[""friends"",""family"",""couple""]","[""차이나타운"",""중국음식"",""이국적"",""역사"",""자장면""]",4.2,https://example.com/incheon-chinatown.jpg,4.3,180,0,RESTAURANT
송도 센트럴파크,SDG,인천,attraction,국내 최초 해수공원으로 카누와 수상택시 체험이 가능한 신도시 랜드마크,인천광역시 연수구 송도동,37.3889,126.6583,budget_low,3,"[""friends"",""family"",""couple""]","[""해수공원"",""카누"",""신도시"",""수상택시"",""산책""]",4.1,https://example.com/songdo-park.jpg,4.2,180,0,ATTRACTION
월미도,SDG,인천,attraction,인천의 대표 관광지로 놀이공원과 바다 전망을 함께 즐길 수 있는 섬. 문화의 거리도 유명,인천광역시 중구 월미문화로,37.4755,126.5961,budget_medium,4,"[""friends"",""family"",""couple""]","[""놀이공원"",""바다"",""섬"",""문화의거리"",""전망""]",4.0,https://example.com/wolmido.jpg,4.1,240,0,ATTRACTION
인천 신포국제시장,SDG,인천,restaurant,신포닭강정의 원조 시장으로 저렴하고 맛있는 먹거리가 가득한 전통시장,인천광역시 중구 신포로27번길,37.4637,126.6166,budget_low,2,"[""friends"",""family""]","[""신포닭강정"",""전통시장"",""먹거리"",""가성비"",""원조""]",4.3,https://example.com/sinpo-market.jpg,4.4,120,0,RESTAURANT
인천 청년몰,SDG,인천,shopping,청년 창업가들이 운영하는 독창적인 상점들이 모인 복합쇼핑공간. 핸드메이드 제품과 로컬브랜드 아이템 판매,인천광역시 중구 자유공원남로,37.4756,126.6180,budget_medium,2,"[""friends"",""solo"",""couple""]","[""청년창업"",""핸드메이드"",""로컬브랜드"",""독창적"",""쇼핑""]",3.9,https://example.com/incheon-youth-mall.jpg,3.9,120,0,SHOPPING
인천대공원,SDG,인천,attraction,넓은 잔디밭과 산책로 동물원이 있는 대형 공원. 가족 피크닉과 나들이 장소로 인기,인천광역시 남동구 장수서로,37.4197,126.7420,budget_free,4,"[""family"",""friends"",""couple""]","[""대형공원"",""동물원"",""피크닉"",""무료"",""가족""]",4.0,https://example.com/incheon-grand-park.jpg,4.0,240,0,ATTRACTION
부평 지하상가,SDG,인천,shopping,동북아시아 최대 규모의 지하상가로 저렴한 의류와 생활용품을 구매할 수 있는 쇼핑천국,인천광역시 부평구 부평대로 지하,37.4896,126.7218,budget_low,2,"[""friends"",""family"",""solo""]","[""지하상가"",""최대규모"",""저렴한"",""의류"",""생활용품""]",3.8,https://example.com/bupyeong-underground.jpg,3.8,120,0,SHOPPING
송도 달빛축제공원,SDG,인천,cafe,야간 조명이 아름다운 공원 내 카페들. 바다 전망과 함께 커피를 마실 수 있는 로맨틱한 장소,인천광역시 연수구 송도국제도시,37.3850,126.6560,budget_medium,2,"[""couple"",""friends""]","[""야경"",""바다전망"",""로맨틱"",""조명"",""데이트""]",4.2,https://example.com/songdo-moonlight.jpg,4.3,120,0,CAFE
일산 호수공원,SDG,고양,attraction,인공호수를 중심으로 조성된 대형 공원. 자전거 대여와 산책로 다양한 체험시설이 무료로 제공,경기도 고양시 일산동구 호수로,37.6689,126.7794,budget_free,3,"[""family"",""friends"",""couple"",""solo""]","[""호수"",""자전거"",""무료"",""산책로"",""대형공원""]",4.3,https://example.com/ilsan-lake-park.jpg,4.4,180,0,ATTRACTION
킨텍스,SDG,고양,attraction,국제적 규모의 전시컨벤션센터로 다양한 전시회와 박람회가 열리는 곳. 무료 관람 가능한 전시 많음,경기도 고양시 일산서구 킨텍스로,37.6688,126.7506,budget_low,2,"[""friends"",""solo"",""family""]","[""전시회"",""컨벤션"",""박람회"",""국제적"",""문화""]",4.0,https://example.com/kintex.jpg,4.0,120,0,ATTRACTION
원마운트,SDG,고양,attraction,사계절 워터파크와 스노우파크가 있는 복합레저시설. 학생할인과 패키지 상품으로 합리적 이용 가능,경기도 고양시 일산서구 킨텍스로,37.6707,126.7516,budget_medium,5,"[""friends"",""family"",""couple""]","[""워터파크"",""스노우파크"",""사계절"",""학생할인"",""레저""]",4.1,https://example.com/onemount.jpg,4.2,300,35000,ATTRACTION
고양 청년창업몰,SDG,고양,shopping,지역 청년들이 운영하는 다양한 브랜드와 상품을 만날 수 있는 창업지원 쇼핑몰,경기도 고양시 덕양구 고양대로,37.6584,126.8320,budget_medium,2,"[""friends"",""solo""]","[""청년창업"",""로컬브랜드"",""창업지원"",""다양한"",""쇼핑""]",3.8,https://example.com/goyang-startup.jpg,3.8,120,0,SHOPPING
일산 웨스턴돔,SDG,고양,cafe,서부경기 최대 쇼핑몰 내 다양한 컨셉의 카페들이 모인 푸드코트. 합리적 가격으로 다양한 음료 체험,경기도 고양시 일산서구 중앙로,37.6763,126.7690,budget_medium,2,"[""friends"",""couple"",""solo""]","[""쇼핑몰"",""푸드코트"",""다양한"",""합리적"",""실내""]",3.9,https://example.com/western-dom.jpg,3.9,120,0,CAFE
고양 행주산성,SDG,고양,attraction,임진왜란 당시 권율장군의 대승지로 유명한 역사 유적지. 한강이 내려다보이는 전망이 일품,경기도 고양시 덕양구 행주로,37.5994,126.8342,budget_free,2,"[""family"",""friends"",""solo""]","[""역사유적"",""임진왜란"",""한강전망"",""무료"",""등산""]",4.0,https://example.com/haengju-fortress.jpg,4.0,120,0,ATTRACTION
일산 탄현근린공원,SDG,고양,attraction,도심 속 자연 휴식공간으로 산책로와 운동시설이 잘 갖춰진 무료 공원. 사계절 아름다운 풍경,경기도 고양시 일산서구 탄현동,37.6942,126.7503,budget_free,2,"[""solo"",""family"",""friends""]","[""근린공원"",""산책로"",""운동시설"",""무료"",""자연""]",3.8,https://example.com/tanhyeon-park.jpg,3.8,120,0,ATTRACTION
고양 꽃전시관,SDG,고양,attraction,사계절 다양한 꽃과 식물을 관람할 수 있는 실내 전시관. 고양국제꽃박람회의 상설 전시공간,경기도 고양시 일산서구 호수로,37.6695,126.7734,budget_low,1,"[""family"",""couple"",""friends""]","[""꽃전시"",""실내"",""사계절"",""꽃박람회"",""식물""]",3.9,https://example.com/goyang-flower.jpg,3.9,90,2000,ATTRACTION
화성행궁,SDG,수원,attraction,조선시대 정조대왕이 아버지 사도세자를 위해 건립한 행궁. 유네스코 세계문화유산,경기도 수원시 팔달구 정조로,37.2861,127.0156,budget_low,2,"[""family"",""friends"",""solo""]","[""행궁"",""정조대왕"",""세계문화유산"",""역사"",""조선시대""]",4.3,https://example.com/hwaseong-palace.jpg,4.4,120,1500,ATTRACTION
수원 통닭거리,SDG,수원,restaurant,수원 왕갈비통닭의 원조 거리로 저렴하고 맛있는 통닭 전문점들이 즐비한 먹거리 천국,경기도 수원시 팔달구 정조로,37.2853,127.0158,budget_low,2,"[""friends"",""family""]","[""통닭"",""왕갈비통닭"",""원조"",""먹거리"",""가성비""]",4.4,https://example.com/suwon-chicken.jpg,4.5,120,0,RESTAURANT
광교호수공원,SDG,수원,attraction,신도시의 대표 공원으로 호수 주변 산책로와 다양한 문화시설이 조화를 이룬 현대적 공간,경기도 수원시 영통구 광교호수로,37.2958,127.0761,budget_free,3,"[""family"",""friends"",""couple""]","[""호수공원"",""신도시"",""산책로"",""문화시설"",""현대적""]",4.2,https://example.com/gwanggyo-lake.jpg,4.3,180,0,ATTRACTION
수원 청년창업거리,SDG,수원,cafe,젊은 창업가들이 모여 만든 카페와 상점들의 거리. 혁신적인 아이디어와 합리적 가격이 특징,경기도 수원시 영통구 대학로,37.2741,127.0440,budget_medium,2,"[""friends"",""solo"",""couple""]","[""청년창업"",""혁신적"",""합리적"",""카페"",""상점""]",4.0,https://example.com/suwon-startup-street.jpg,4.0,120,0,CAFE
수원월드컵경기장,SDG,수원,attraction,2002년 월드컵 4강 신화가 펼쳐진 축구 성지. 스포츠 박물관과 투어 프로그램 운영,경기도 수원시 팔달구 월드컵로,37.2867,127.0369,budget_low,2,"[""friends"",""family"",""solo""]","[""월드컵"",""축구"",""박물관"",""투어"",""스포츠""]",4.0,https://example.com/suwon-worldcup.jpg,4.0,120,3000,ATTRACTION
수원전통시장,SDG,수원,shopping,수원의 대표 전통시장으로 신선한 농산물과 생활용품을 저렴하게 구매할 수 있는 곳,경기도 수원시 팔달구 정조로,37.2847,127.0145,budget_low,2,"[""family"",""friends""]","[""전통시장"",""농산물"",""생활용품"",""저렴한"",""지역경제""]",3.9,https://example.com/suwon-traditional-market.jpg,3.9,120,0,SHOPPING
방화수류정,SDG,수원,attraction,화성 성곽의 동북각루로 용연과 함께 수원의 대표적인 포토스팟. 야경이 특히 아름다움,경기도 수원시 팔달구 용연로,37.2894,127.0205,budget_free,1,"[""couple"",""friends"",""solo""]","[""성곽"",""용연"",""포토스팟"",""야경"",""무료""]",4.1,https://example.com/banghwasuryujeong.jpg,4.1,90,0,ATTRACTION
수원 아이파크미술관,SDG,수원,attraction,현대미술 작품을 전시하는 사립미술관. 학생할인과 무료 전시를 통해 문화예술을 쉽게 접할 수 있음,경기도 수원시 영통구 광교중앙로,37.2977,127.0583,budget_low,2,"[""friends"",""solo"",""couple""]","[""현대미술"",""사립미술관"",""학생할인"",""무료전시"",""문화예술""]",3.8,https://example.com/suwon-ipark-museum.jpg,3.8,120,5000,ATTRACTION
남이섬,GWD,춘천,attraction,드라마 겨울연가 촬영지로 유명한 반달 모양의 섬. 메타세쿼이아길과 자전거 투어가 인기,강원도 춘천시 남산면 남이섬길,37.7911,127.5267,budget_medium,4,"[""couple"",""friends"",""family""]","[""겨울연가"",""메타세쿼이아"",""자전거"",""섬"",""드라마""]",4.3,https://example.com/nami-island.jpg,4.4,240,16000,ATTRACTION
춘천 닭갈비골목,GWD,춘천,restaurant,춘천 대표 음식인 닭갈비의 원조 거리. 저렴한 가격으로 푸짐한 한 끼를 해결할 수 있는 맛의 거리,강원도 춘천시 중앙로1가,37.8813,127.7298,budget_low,2,"[""friends"",""family""]","[""닭갈비"",""원조"",""가성비"",""맛집"",""지역특산""]",4.4,https://example.com/chuncheon-dakgalbi.jpg,4.5,120,0,RESTAURANT
춘천 청평사,GWD,춘천,attraction,소양호반의 고즈넉한 사찰로 배를 타고 접근하는 독특한 경험. 자연과 어우러진 힐링 공간,강원도 춘천시 북산면 청평사길,37.9753,127.6431,budget_medium,3,"[""solo"",""friends"",""couple""]","[""사찰"",""소양호"",""배"",""힐링"",""자연""]",4.2,https://example.com/cheongpyeongsa.jpg,4.3,180,12000,ATTRACTION
춘천 카페거리,GWD,춘천,cafe,호반도시 춘천의 감성을 담은 개성 있는 카페들이 모인 거리. 호수 전망 카페가 특히 인기,강원도 춘천시 근화동,37.8747,127.7342,budget_medium,2,"[""friends"",""couple"",""solo""]","[""호반도시"",""호수전망"",""감성"",""개성"",""데이트""]",4.1,https://example.com/chuncheon-cafe.jpg,4.2,120,0,CAFE
춘천 중앙시장,GWD,춘천,shopping,춘천의 전통 재래시장으로 신선한 농산물과 지역 특산품을 저렴하게 구매할 수 있는 곳,강원도 춘천시 중앙로2가,37.8798,127.7286,budget_low,2,"[""family"",""friends""]","[""재래시장"",""농산물"",""특산품"",""저렴한"",""전통""]",3.9,https://example.com/chuncheon-market.jpg,3.9,120,0,SHOPPING
소양강스카이워크,GWD,춘천,attraction,소양강댐 위에 설치된 투명 전망대로 스릴과 절경을 동시에 즐길 수 있는 핫플레이스,강원도 춘천시 신북읍 소양강댐길,37.9431,127.6756,budget_low,2,"[""friends"",""couple"",""family""]","[""스카이워크"",""투명전망대"",""스릴"",""절경"",""핫플""]",4.2,https://example.com/soyang-skywalk.jpg,4.3,120,2000,ATTRACTION
춘천 애니메이션박물관,GWD,춘천,attraction,한국 유일의 애니메이션 전문박물관으로 추억의 캐릭터들과 만날 수 있는 재미있는 공간,강원도 춘천시 서면 박사로,37.8344,127.5633,budget_low,2,"[""friends"",""family"",""couple""]","[""애니메이션"",""박물관"",""캐릭터"",""추억"",""재미""]",4.0,https://example.com/chuncheon-animation.jpg,4.0,120,3000,ATTRACTION
의암호 스카이워크,GWD,춘천,attraction,의암호 위를 걸을 수 있는 보행전용교로 탁 트인 호수 전망과 산책을 동시에 즐길 수 있음,강원도 춘천시 신북읍 의암호길,37.9242,127.6897,budget_free,1,"[""solo"",""couple"",""friends""]","[""보행교"",""호수전망"",""산책"",""무료"",""탁트인""]",4.0,https://example.com/uiamho-skywalk.jpg,4.0,90,0,ATTRACTION
강릉 커피거리,GWD,강릉,cafe,바다를 보며 즐기는 프리미엄 커피. 로맨틱한 분위기와 Instagram worthy한 인테리어로 연인들에게 인기,강원도 강릉시 안목항,37.7519,128.8761,budget_medium,3,"[""couple"",""friends""]","[""커피"",""바다뷰"",""로맨틱"",""포토스팟"",""분위기""]",4.5,https://example.com/gangneung-coffee.jpg,4.6,180,0,CAFE
경포대,GWD,강릉,attraction,강릉의 대표 관광지로 달맞이와 일출 명소. 경포호와 바다를 동시에 감상할 수 있는 누각,강원도 강릉시 경포로,37.7953,128.8977,budget_free,2,"[""couple"",""friends"",""family"",""solo""]","[""일출"",""달맞이"",""경포호"",""누각"",""무료""]",4.2,https://example.com/gyeongpodae.jpg,4.3,120,0,ATTRACTION
강릉 중앙시장,GWD,강릉,restaurant,동해안 신선한 해산물과 강릉 특산 음식을 맛볼 수 있는 전통시장. 저렴한 가격의 회와 건어물이 유명,강원도 강릉시 성내동,37.7569,128.8761,budget_medium,2,"[""friends"",""family""]","[""해산물"",""회"",""건어물"",""전통시장"",""특산음식""]",4.3,https://example.com/gangneung-market.jpg,4.4,120,0,RESTAURANT
오죽헌,GWD,강릉,attraction,율곡 이이와 신사임당의 생가로 조선시대 건축양식을 볼 수 있는 문화재. 대나무 숲이 아름다움,강원도 강릉시 율곡로,37.7719,128.8769,budget_low,1,"[""family"",""solo"",""friends""]","[""율곡이이"",""신사임당"",""문화재"",""대나무숲"",""조선시대""]",4.0,https://example.com/ojukheon.jpg,4.0,90,3000,ATTRACTION
강문해변,GWD,강릉,attraction,경포해변과 함께 강릉의 대표 해수욕장. 비교적 한적하고 깨끗한 모래사장으로 힐링 여행에 최적,강원도 강릉시 강문동,37.7847,128.9083,budget_free,3,"[""friends"",""couple"",""family""]","[""해수욕장"",""한적한"",""깨끗한"",""힐링"",""모래사장""]",4.1,https://example.com/gangmun-beach.jpg,4.2,180,0,ATTRACTION
강릉 아트센터,GWD,강릉,attraction,지역 예술가들의 작품을 전시하는 복합문화공간. 무료 전시와 체험 프로그램이 상시 운영,강원도 강릉시 종합운동장길,37.7517,128.8667,budget_free,2,"[""friends"",""solo"",""couple""]","[""예술"",""복합문화"",""무료전시"",""체험"",""지역작가""]",3.8,https://example.com/gangneung-art.jpg,3.8,120,0,ATTRACTION
강릉 선교장,GWD,강릉,attraction,조선시대 상류층 가옥의 원형을 간직한 민속문화재. 전통건축과 생활문화를 체험할 수 있음,강원도 강릉시 운정동,37.7675,128.8814,budget_low,2,"[""family"",""friends"",""solo""]","[""민속문화재"",""전통건축"",""상류층가옥"",""생활문화"",""체험""]",4.0,https://example.com/seongyojang.jpg,4.0,120,5000,ATTRACTION
강릉 청년 로컬푸드카페,GWD,강릉,cafe,지역 청년들이 운영하는 로컬푸드 전문 카페. 강릉 특산품을 활용한 메뉴와 합리적 가격이 특징,강원도 강릉시 교동,37.7556,128.8889,budget_medium,2,"[""friends"",""solo"",""couple""]","[""청년운영"",""로컬푸드"",""특산품"",""합리적"",""지역경제""]",4.1,https://example.com/gangneung-local-cafe.jpg,4.1,120,0,CAFE
속초 중앙시장,GWD,속초,restaurant,신선한 해산물과 전통 음식을 맛볼 수 있는 재래시장. 아바이순대 닭강정이 유명하며 가족 단위 방문객에게 인기,강원도 속초시 중앙로,38.2070,128.5918,budget_medium,2,"[""family"",""friends""]","[""해산물"",""전통음식"",""시장"",""가성비"",""맛집""]",4.3,https://example.com/sokcho-market.jpg,4.4,120,0,RESTAURANT
설악산 국립공원,GWD,속초,attraction,한국의 대표적인 산악 관광지로 사계절 아름다운 자연경관을 자랑. 케이블카와 다양한 등산코스 제공,강원도 속초시 설악산로,38.1197,128.4653,budget_low,6,"[""family"",""friends"",""couple""]","[""자연"",""등산"",""케이블카"",""힐링"",""사진""]",4.6,https://example.com/seoraksan.jpg,4.7,360,3500,ATTRACTION
속초해수욕장,GWD,속초,attraction,동해안의 대표 해수욕장으로 깨끗한 백사장과 푸른바다를 자랑. 여름철 물놀이와 해변 산책 명소,강원도 속초시 조양동,38.2072,128.5967,budget_free,4,"[""friends"",""family"",""couple""]","[""해수욕장"",""백사장"",""물놀이"",""해변산책"",""무료""]",4.2,https://example.com/sokcho-beach.jpg,4.3,240,0,ATTRACTION
속초 갯배체험장,GWD,속초,attraction,전통 갯배를 직접 타볼 수 있는 체험공간. 속초 어민들의 생활상을 체험하며 바다 위 낭만을 만끽,강원도 속초시 영랑동,38.1947,128.5989,budget_low,2,"[""friends"",""family"",""couple""]","[""갯배"",""체험"",""전통"",""어민생활"",""바다""]",4.0,https://example.com/sokcho-boat.jpg,4.0,120,5000,ATTRACTION
속초 청년어촌계 카페,GWD,속초,cafe,젊은 어부들이 운영하는 어촌 컨셉 카페. 신선한 해산물 디저트와 바다 전망을 함께 즐길 수 있음,강원도 속초시 대포동,38.1667,128.6000,budget_medium,2,"[""friends"",""couple"",""solo""]","[""어촌카페"",""해산물디저트"",""바다전망"",""청년운영"",""독특한""]",4.1,https://example.com/sokcho-fisherman-cafe.jpg,4.1,120,0,CAFE
외옹치항,GWD,속초,attraction,속초의 작은 어항으로 소박하고 정겨운 어촌 풍경을 감상할 수 있는 힐링 스팟,강원도 속초시 외옹치길,38.1556,128.6111,budget_free,1,"[""solo"",""couple"",""friends""]","[""어항"",""어촌풍경"",""소박한"",""정겨운"",""힐링""]",3.9,https://example.com/oeongchi-port.jpg,3.9,90,0,ATTRACTION
속초 관광수산시장,GWD,속초,shopping,동해안 최대 수산시장으로 신선한 해산물을 저렴하게 구매하고 즉석에서 맛볼 수 있는 곳,강원도 속초시 관광로,38.2019,128.5892,budget_medium,2,"[""family"",""friends""]","[""수산시장"",""신선한"",""해산물"",""즉석"",""최대규모""]",4.2,https://example.com/sokcho-fish-market.jpg,4.3,120,0,SHOPPING
청호동 해변산책로,GWD,속초,attraction,속초해변을 따라 조성된 무료 산책로. 일출과 일몰을 감상하며 여유로운 시간을 보낼 수 있음,강원도 속초시 청호동,38.2050,128.5950,budget_free,2,"[""solo"",""couple"",""friends""]","[""해변산책로"",""일출"",""일몰"",""무료"",""여유로운""]",4.0,https://example.com/cheongho-walkway.jpg,4.0,120,0,ATTRACTION
엑스포과학공원,CCD,대전,attraction,1993년 대전엑스포가 열린 곳으로 과학관과 다양한 체험시설이 있는 교육적 관광지,대전광역시 유성구 대덕대로,36.3722,127.3839,budget_medium,4,"[""family"",""friends"",""solo""]","[""과학관"",""체험"",""교육"",""엑스포"",""가족""]",4.1,https://example.com/expo-science-park.jpg,4.2,240,4000,ATTRACTION
대전 성심당,CCD,대전,restaurant,대전의 대표 빵집으로 튀김소보로와 부추빵이 유명. 합리적 가격으로 지역 대표 먹거리를 맛볼 수 있음,대전광역시 중구 은행동,36.3253,127.4269,budget_low,1,"[""friends"",""family"",""solo""]","[""성심당"",""튀김소보로"",""부추빵"",""빵집"",""지역명물""]",4.4,https://example.com/sungsimdan.jpg,4.5,60,0,RESTAURANT
대전 한밭수목원,CCD,대전,attraction,도심 속 대형 수목원으로 사계절 다양한 식물과 꽃을 감상할 수 있는 무료 휴식공간,대전광역시 서구 둔산대로,36.3667,127.3889,budget_free,3,"[""family"",""friends"",""couple"",""solo""]","[""수목원"",""식물"",""꽃"",""무료"",""휴식""]",4.2,https://example.com/hanbat-arboretum.jpg,4.3,180,0,ATTRACTION
대전 청년창업거리,CCD,대전,cafe,과학도시 대전의 젊은 창업가들이 모인 카페거리. IT와 과학을 접목한 독창적 카페들이 특징,대전광역시 유성구 대학로,36.3667,127.3444,budget_medium,2,"[""friends"",""solo"",""couple""]","[""청년창업"",""과학도시"",""IT접목"",""독창적"",""대학가""]",4.0,https://example.com/daejeon-startup-street.jpg,4.0,120,0,CAFE
대전 중앙시장,CCD,대전,shopping,대전의 전통시장으로 신선한 농산물과 생활용품을 저렴하게 구매할 수 있는 지역경제의 중심지,대전광역시 중구 대흥동,36.3206,127.4181,budget_low,2,"[""family"",""friends""]","[""전통시장"",""농산물"",""생활용품"",""저렴한"",""지역경제""]",3.9,https://example.com/daejeon-central-market.jpg,3.9,120,0,SHOPPING
갑천 생태공원,CCD,대전,attraction,갑천을 따라 조성된 생태공원으로 자전거 도로와 산책로가 잘 갖춰진 시민 휴식공간,대전광역시 서구 갑천로,36.3500,127.3500,budget_free,2,"[""solo"",""friends"",""family""]","[""생태공원"",""자전거"",""산책로"",""갑천"",""무료""]",4.0,https://example.com/gapcheon-park.jpg,4.0,120,0,ATTRACTION
대전 시립미술관,CCD,대전,attraction,현대미술 작품을 전시하는 시립미술관. 학생할인과 무료 전시를 통해 문화예술을 쉽게 접할 수 있음,대전광역시 서구 둔산대로,36.3611,127.3881,budget_low,2,"[""friends"",""solo"",""couple""]","[""시립미술관"",""현대미술"",""학생할인"",""무료전시"",""문화예술""]",3.8,https://example.com/daejeon-art-museum.jpg,3.8,120,1000,ATTRACTION
대전 시민천문대,CCD,대전,attraction,과학도시 대전의 시민천문대로 별자리 관측과 천체 체험 프로그램을 저렴하게 이용할 수 있음,대전광역시 중구 보문로,36.3167,127.4167,budget_low,2,"[""friends"",""family"",""couple""]","[""천문대"",""별자리"",""천체관측"",""과학도시"",""체험""]",4.1,https://example.com/daejeon-observatory.jpg,4.1,120,2000,ATTRACTION
청주 직지문화공원,CCD,청주,attraction,세계 최초 금속활자본 직지를 기념하는 문화공원. 인쇄문화와 역사를 체험할 수 있는 교육적 공간,충청북도 청주시 흥덕구 직지대로,36.6264,127.4297,budget_free,2,"[""family"",""friends"",""solo""]","[""직지"",""금속활자"",""인쇄문화"",""역사"",""교육""]",4.0,https://example.com/jikji-park.jpg,4.0,120,0,ATTRACTION
청주 육거리시장,CCD,청주,restaurant,청주의 대표 재래시장으로 순대국밥 칼국수 등 저렴하고 푸짐한 먹거리가 가득한 곳,충청북도 청주시 상당구 남문로,36.6347,127.4919,budget_low,2,"[""friends"",""family""]","[""재래시장"",""순대국밥"",""칼국수"",""가성비"",""푸짐한""]",4.2,https://example.com/yukgeori-market.jpg,4.3,120,0,RESTAURANT
청주 용두사지철당간,CCD,청주,attraction,고려시대 철로 만든 당간으로 국보로 지정된 문화재. 청주의 역사를 느낄 수 있는 조용한 관광지,충청북도 청주시 상당구 남문로,36.6356,127.4906,budget_free,1,"[""solo"",""friends"",""family""]","[""국보"",""고려시대"",""철당간"",""문화재"",""역사""]",3.7,https://example.com/yongdusa-iron-pole.jpg,3.7,60,0,ATTRACTION
청주 청년몰,CCD,청주,shopping,지역 청년 창업가들이 모인 복합쇼핑공간. 핸드메이드 제품과 창의적 아이템을 합리적 가격에 만날 수 있음,충청북도 청주시 서원구 1순환로,36.6542,127.4581,budget_medium,2,"[""friends"",""solo""]","[""청년창업"",""핸드메이드"",""창의적"",""합리적"",""복합쇼핑""]",3.9,https://example.com/cheongju-youth-mall.jpg,3.9,120,0,SHOPPING
청주 무심천,CCD,청주,attraction,청주 시내를 가로지르는 하천으로 산책로와 자전거도로가 조성된 시민 휴식공간,충청북도 청주시 서원구 무심서로,36.6419,127.4581,budget_free,2,"[""solo"",""friends"",""couple""]","[""하천"",""산책로"",""자전거"",""무료"",""시민휴식""]",3.9,https://example.com/musimcheon.jpg,3.9,120,0,ATTRACTION
청주 상당산성,CCD,청주,attraction,백제시대에 축조된 산성으로 청주 시내가 한눈에 내려다보이는 전망 명소. 등산과 역사 탐방을 동시에,충청북도 청주시 상당구 산성로,36.6497,127.5028,budget_free,3,"[""friends"",""family"",""solo""]","[""산성"",""백제시대"",""전망"",""등산"",""역사탐방""]",4.1,https://example.com/sangdang-fortress.jpg,4.1,180,0,ATTRACTION
청주 테크노파크 카페거리,CCD,청주,cafe,첨단산업단지 내 젊은 직장인들이 모이는 모던한 카페들이 즐비한 거리. 합리적 가격과 세련된 분위기,충청북도 청주시 흥덕구 오송읍,36.6167,127.4333,budget_medium,2,"[""friends"",""solo"",""couple""]","[""테크노파크"",""모던한"",""직장인"",""세련된"",""첨단산업""]",3.9,https://example.com/cheongju-techno-cafe.jpg,3.9,120,0,CAFE
청주 고인쇄박물관,CCD,청주,attraction,세계 최초 금속활자 직지와 인쇄문화의 역사를 전시하는 전문박물관. 학생할인 혜택 제공,충청북도 청주시 흥덕구 직지대로,36.6275,127.4306,budget_low,2,"[""family"",""friends"",""solo""]","[""인쇄박물관"",""직지"",""금속활자"",""학생할인"",""교육""]",4.0,https://example.com/printing-museum.jpg,4.0,120,1000,ATTRACTION
공주 송산리 고분군,CCD,공주,attraction,백제 왕과 왕족의 무덤군으로 유네스코 세계문화유산. 고대 역사의 신비를 탐험할 수 있는 곳,충청남도 공주시 금성동,36.4647,127.1075,budget_low,2,"[""family"",""friends"",""solo""]","[""고분군"",""백제"",""세계문화유산"",""고대역사"",""탐험""]",4.1,https://example.com/songsan-tombs.jpg,4.1,120,1500,ATTRACTION
공주 국립박물관,CCD,공주,attraction,백제 문화의 정수를 담은 국립박물관. 무령왕릉 출토품과 백제 유물을 저렴하게 관람,충청남도 공주시 웅진로,36.4642,127.1158,budget_low,2,"[""family"",""friends"",""solo""]","[""국립박물관"",""백제문화"",""무령왕릉"",""유물"",""교육""]",4.2,https://example.com/gongju-museum.jpg,4.2,120,2000,ATTRACTION
공주 마곡사,CCD,공주,attraction,천년고찰 마곡사로 아름다운 자연 속에서 힐링할 수 있는 사찰. 템플스테이 프로그램도 운영,충청남도 공주시 사곡면,36.5542,127.0186,budget_low,3,"[""solo"",""friends"",""couple""]","[""사찰"",""천년고찰"",""힐링"",""자연"",""템플스테이""]",4.3,https://example.com/magoksa.jpg,4.3,180,3000,ATTRACTION
공주 청년 로컬마켓,CCD,공주,shopping,젊은 농부들과 창업가들이 운영하는 로컬마켓. 공주 특산품과 수제 공예품을 합리적 가격에 판매,충청남도 공주시 웅진동,36.4575,127.1247,budget_medium,2,"[""friends"",""family"",""solo""]","[""로컬마켓"",""젊은농부"",""특산품"",""수제공예"",""합리적""]",3.9,https://example.com/gongju-local-market.jpg,3.9,120,0,SHOPPING
공주 금강신관공원,CCD,공주,attraction,금강변에 조성된 수변공원으로 산책과 피크닉을 즐길 수 있는 무료 휴식공간,충청남도 공주시 신관동,36.4528,127.1058,budget_free,2,"[""family"",""couple"",""friends""]","[""수변공원"",""금강변"",""산책"",""피크닉"",""무료""]",3.8,https://example.com/gongju-riverside-park.jpg,3.8,120,0,ATTRACTION
공주 계룡산 동학사,CCD,공주,attraction,계룡산 자락의 아름다운 사찰로 가을 단풍이 유명. 등산과 템플스테이를 함께 즐길 수 있음,충청남도 공주시 반포면,36.3458,127.2167,budget_low,4,"[""solo"",""friends"",""family""]","[""사찰"",""계룡산"",""단풍"",""등산"",""템플스테이""]",4.2,https://example.com/donghaksa.jpg,4.2,240,2000,ATTRACTION
공주 백제문화단지,CCD,공주,attraction,백제 왕궁과 생활상을 재현한 대규모 테마파크. 다양한 체험 프로그램과 공연이 있는 가족 관광지,충청남도 공주시 규암면,36.5083,127.0750,budget_medium,4,"[""family"",""friends"",""couple""]","[""백제문화"",""테마파크"",""체험"",""공연"",""가족""]",4.0,https://example.com/baekje-cultural-land.jpg,4.0,240,9000,ATTRACTION
공주 청년창업 팜카페,CCD,공주,cafe,젊은 농부들이 직접 재배한 농산물로 만든 음료와 디저트를 판매하는 팜투테이블 카페,충청남도 공주시 장기면,36.4833,127.0667,budget_medium,2,"[""friends"",""couple"",""family""]","[""팜카페"",""젊은농부"",""팜투테이블"",""농산물"",""청년창업""]",4.1,https://example.com/gongju-farm-cafe.jpg,4.1,120,0,CAFE
전주한옥마을,JLD,전주,attraction,전국 최대 규모의 한옥마을로 전통문화 체험과 맛있는 음식을 즐길 수 있는 대표 관광지,전라북도 전주시 완산구 기린대로,35.8150,127.1530,budget_free,4,"[""family"",""friends"",""couple"",""solo""]","[""한옥마을"",""전통문화"",""음식"",""체험"",""무료""]",4.4,https://example.com/jeonju-hanok.jpg,4.5,240,0,ATTRACTION
전주 남부시장,JLD,전주,restaurant,전주 대표 전통시장으로 비빔밥과 콩나물국밥 등 전주 향토음식의 원조를 맛볼 수 있는 곳,전라북도 전주시 완산구 풍남문3길,35.8095,127.1508,budget_low,2,"[""friends"",""family""]","[""전통시장"",""비빔밥"",""콩나물국밥"",""향토음식"",""원조""]",4.3,https://example.com/jeonju-nambu-market.jpg,4.4,120,0,RESTAURANT
전주 청년몰,JLD,전주,shopping,한옥마을 인근의 청년 창업가들이 운영하는 독창적인 상점들. 전통과 현대가 조화된 쇼핑공간,전라북도 전주시 완산구 전동,35.8133,127.1522,budget_medium,2,"[""friends"",""solo"",""couple""]","[""청년창업"",""독창적"",""전통현대조화"",""한옥마을"",""쇼핑""]",4.0,https://example.com/jeonju-youth-mall.jpg,4.0,120,0,SHOPPING
전주 덕진공원,JLD,전주,attraction,연꽃으로 유명한 도심 속 공원. 여름철 연꽃축제와 사계절 산책로가 아름다운 무료 휴식공간,전라북도 전주시 덕진구 덕진동,35.8478,127.1269,budget_free,2,"[""family"",""couple"",""friends"",""solo""]","[""연꽃"",""공원"",""축제"",""산책로"",""무료""]",4.1,https://example.com/deokjin-park.jpg,4.2,120,0,ATTRACTION
전주 전통문화관,JLD,전주,attraction,전주의 전통문화와 역사를 체험할 수 있는 문화공간. 무료 전시와 체험 프로그램 상시 운영,전라북도 전주시 완산구 기린대로,35.8128,127.1539,budget_free,2,"[""family"",""friends"",""solo""]","[""전통문화"",""역사"",""체험"",""무료전시"",""문화공간""]",3.9,https://example.com/jeonju-culture-center.jpg,3.9,120,0,ATTRACTION
전주 청년 한옥카페,JLD,전주,cafe,한옥을 개조한 감성적인 카페로 젊은 창업가들이 운영. 전통차와 현대적 디저트를 함께 즐길 수 있음,전라북도 전주시 완산구 교동,35.8161,127.1486,budget_medium,2,"[""friends"",""couple"",""solo""]","[""한옥카페"",""감성적"",""청년창업"",""전통차"",""디저트""]",4.2,https://example.com/jeonju-hanok-cafe.jpg,4.2,120,0,CAFE
전주 경기전,JLD,전주,attraction,조선 태조 이성계의 어진을 모신 곳으로 조선왕조의 발상지. 역사적 의미가 깊은 문화재,전라북도 전주시 완산구 태조로,35.8142,127.1508,budget_low,1,"[""family"",""friends"",""solo""]","[""경기전"",""태조이성계"",""조선왕조"",""문화재"",""역사""]",4.0,https://example.com/gyeonggijeon.jpg,4.0,90,1000,ATTRACTION
전주 로컬푸드 직매장,JLD,전주,shopping,전라북도 농산물을 직접 판매하는 로컬푸드 매장. 신선하고 저렴한 지역 특산품을 만날 수 있는 곳,전라북도 전주시 덕진구 백제대로,35.8367,127.1183,budget_low,1,"[""family"",""friends"",""solo""]","[""로컬푸드"",""농산물"",""직매장"",""특산품"",""신선한""]",3.8,https://example.com/jeonju-local-food.jpg,3.8,90,0,SHOPPING
군산 시간여행마을,JLD,군산,attraction,일제강점기 건물들이 보존된 근대역사문화공간. 드라마 촬영지로도 유명한 시간여행 테마거리,전라북도 군산시 구암동,35.9756,126.7372,budget_low,3,"[""friends"",""family"",""couple""]","[""근대역사"",""일제강점기"",""드라마촬영지"",""시간여행"",""테마거리""]",4.2,https://example.com/gunsan-time-travel.jpg,4.3,180,2000,ATTRACTION
군산 신흥동 일본식가옥,JLD,군산,attraction,일제강점기 상류층 일본인 가옥으로 당시 생활상을 엿볼 수 있는 근대문화유산,전라북도 군산시 신흥동,35.9789,126.7331,budget_low,1,"[""friends"",""family"",""solo""]","[""일본식가옥"",""근대문화유산"",""일제강점기"",""생활상"",""역사""]",3.9,https://example.com/gunsan-japanese-house.jpg,3.9,90,1000,ATTRACTION
군산 근대역사박물관,JLD,군산,attraction,군산의 근대사를 한눈에 볼 수 있는 박물관. 어린이부터 성인까지 쉽게 이해할 수 있는 전시,전라북도 군산시 해망로,35.9761,126.7342,budget_low,2,"[""family"",""friends"",""solo""]","[""근대역사"",""박물관"",""전시"",""교육"",""가족""]",4.0,https://example.com/gunsan-museum.jpg,4.0,120,2000,ATTRACTION
군산 청년창업센터 카페,JLD,군산,cafe,지역 청년들이 운영하는 복합문화공간 겸 카페. 창업 지원과 문화 활동이 함께하는 혁신적 공간,전라북도 군산시 조촌동,35.9675,126.7236,budget_medium,2,"[""friends"",""solo""]","[""청년창업"",""복합문화"",""창업지원"",""혁신적"",""문화활동""]",3.9,https://example.com/gunsan-startup-cafe.jpg,3.9,120,0,CAFE
군산 선유도,JLD,군산,attraction,서해의 아름다운 섬으로 선유도해수욕장과 망주봉 등 자연경관이 뛰어난 힐링 여행지,전라북도 군산시 옥도면,35.8222,126.4858,budget_medium,5,"[""friends"",""family"",""couple""]","[""섬"",""해수욕장"",""자연경관"",""힐링"",""서해""]",4.3,https://example.com/seonyudo.jpg,4.4,300,0,ATTRACTION
군산 항구시장,JLD,군산,restaurant,군산 대표 전통시장으로 신선한 해산물과 지역 특산품을 저렴하게 맛볼 수 있는 먹거리 천국,전라북도 군산시 해망동,35.9758,126.7378,budget_low,2,"[""friends"",""family""]","[""전통시장"",""해산물"",""특산품"",""먹거리"",""항구""]",4.1,https://example.com/gunsan-port-market.jpg,4.2,120,0,RESTAURANT
군산 금강하구둑,JLD,군산,attraction,금강과 서해가 만나는 곳으로 넓은 갈대밭과 철새 관찰을 즐길 수 있는 생태관광지,전라북도 군산시 성산면,35.9097,126.8442,budget_free,2,"[""family"",""friends"",""solo""]","[""금강"",""서해"",""갈대밭"",""철새관찰"",""생태관광""]",3.8,https://example.com/geumgang-estuary.jpg,3.8,120,0,ATTRACTION
군산 구불길,JLD,군산,attraction,군산의 아름다운 자연과 역사를 걸으며 체험할 수 있는 도보여행 코스. 다양한 테마별 걷기길 제공,전라북도 군산시 전 지역,35.9678,126.7369,budget_free,4,"[""friends"",""solo"",""couple""]","[""도보여행"",""걷기길"",""자연"",""역사"",""테마별""]",4.0,https://example.com/gunsan-gubul-gil.jpg,4.0,240,0,ATTRACTION
익산 미륵사지,JLD,익산,attraction,백제 최대 사찰터로 유네스코 세계문화유산. 미륵사지석탑과 함께 백제 불교문화의 정수를 체험,전라북도 익산시 금마면,36.0119,127.0322,budget_low,2,"[""family"",""friends"",""solo""]","[""백제"",""사찰터"",""세계문화유산"",""석탑"",""불교문화""]",4.2,https://example.com/mireuksaji.jpg,4.3,120,1500,ATTRACTION
익산 왕궁리 유적,JLD,익산,attraction,백제 무왕의 궁궐터로 추정되는 유적지. 발굴된 유물과 복원된 건물을 통해 백제 왕실문화 이해,전라북도 익산시 왕궁면,36.0086,127.0281,budget_low,2,"[""family"",""friends"",""solo""]","[""백제"",""왕궁터"",""유적지"",""왕실문화"",""발굴""]",4.0,https://example.com/wanggungni.jpg,4.0,120,1000,ATTRACTION
익산 보석박물관,JLD,익산,attraction,국내 최대 규모의 보석 전문박물관. 아름다운 보석과 광물을 관람하고 체험할 수 있는 교육적 공간,전라북도 익산시 왕궁면,36.0097,127.0264,budget_medium,2,"[""family"",""friends"",""couple""]","[""보석박물관"",""광물"",""체험"",""교육"",""최대규모""]",3.9,https://example.com/iksan-gem-museum.jpg,3.9,120,4000,ATTRACTION
익산 청년농부 마켓,JLD,익산,shopping,젊은 농부들이 직접 재배한 농산물과 가공품을 판매하는 로컬마켓. 지역경제 활성화에 기여,전라북도 익산시 인북면,36.0422,127.0578,budget_low,1,"[""family"",""friends"",""solo""]","[""청년농부"",""로컬마켓"",""농산물"",""가공품"",""지역경제""]",3.8,https://example.com/iksan-young-farmer.jpg,3.8,90,0,SHOPPING
익산 함라산성,JLD,익산,attraction,백제시대 산성으로 등산과 역사탐방을 동시에 즐길 수 있는 곳. 정상에서 익산평야 전망 감상,전라북도 익산시 함라면,36.0833,127.0167,budget_free,3,"[""friends"",""family"",""solo""]","[""산성"",""백제시대"",""등산"",""역사탐방"",""전망""]",3.9,https://example.com/hamrasan-fortress.jpg,3.9,180,0,ATTRACTION
익산 춘포역,JLD,익산,attraction,일제강점기 건설된 간이역으로 레트로 감성이 물씬 풍기는 포토스팟. 기차 여행의 낭만을 느낄 수 있음,전라북도 익산시 춘포면,36.1167,126.9833,budget_free,1,"[""friends"",""couple"",""solo""]","[""간이역"",""일제강점기"",""레트로"",""포토스팟"",""기차여행""]",3.7,https://example.com/chunpo-station.jpg,3.7,60,0,ATTRACTION
익산 솜리 청년카페,JLD,익산,cafe,농촌 지역에서 청년들이 운영하는 감성 카페. 직접 재배한 농산물로 만든 음료와 디저트가 특징,전라북도 익산시 함열읍,36.0544,126.9486,budget_medium,2,"[""friends"",""couple"",""solo""]","[""농촌카페"",""청년운영"",""감성"",""농산물"",""직접재배""]",4.0,https://example.com/iksan-somri-cafe.jpg,4.0,120,0,CAFE
익산 나바위성당,JLD,익산,attraction,한국 천주교 순교성지로 아름다운 고딕양식 건물. 역사적 의미와 건축미를 함께 감상할 수 있음,전라북도 익산시 망성면,36.0542,126.9858,budget_free,1,"[""family"",""friends"",""solo""]","[""성당"",""순교성지"",""고딕양식"",""역사"",""건축미""]",3.8,https://example.com/nabawi-cathedral.jpg,3.8,90,0,ATTRACTION
해운대 해수욕장,GSD,부산,attraction,부산의 대표 해수욕장으로 여름철 물놀이와 해변 산책을 즐길 수 있는 곳. 주변 카페와 식당도 풍부,부산광역시 해운대구 해운대해변로,35.1587,129.1604,budget_free,4,"[""family"",""friends"",""couple""]","[""해변"",""바다"",""여름"",""물놀이"",""산책""]",4.3,https://example.com/haeundae.jpg,4.4,240,0,ATTRACTION
부산 감천문화마을,GSD,부산,attraction,컬러풀한 계단식 마을로 부산의 마추피추라 불리는 대표 관광지. 예술작품과 포토스팟이 가득,부산광역시 사하구 감내2로,35.0979,129.0114,budget_free,3,"[""friends"",""couple"",""family""]","[""문화마을"",""계단식"",""마추피추"",""예술작품"",""포토스팟""]",4.4,https://example.com/gamcheon.jpg,4.5,180,0,ATTRACTION
부산 국제시장,GSD,부산,restaurant,부산 대표 전통시장으로 다양한 먹거리와 쇼핑을 즐길 수 있는 곳. 씨앗호떡과 비빔당면이 유명,부산광역시 중구 신창동,35.1014,129.0297,budget_low,2,"[""friends"",""family""]","[""전통시장"",""먹거리"",""쇼핑"",""씨앗호떡"",""비빔당면""]",4.2,https://example.com/gukje-market.jpg,4.3,120,0,RESTAURANT
부산 청년창업거리,GSD,부산,shopping,서면 일대의 젊은 창업가들이 모인 상권. 독창적인 아이템과 합리적 가격의 상품들을 만날 수 있음,부산광역시 부산진구 서면로,35.1578,129.0603,budget_medium,2,"[""friends"",""solo""]","[""청년창업"",""서면"",""독창적"",""합리적"",""상권""]",4.0,https://example.com/busan-startup-street.jpg,4.0,120,0,SHOPPING
부산 태종대,GSD,부산,attraction,부산의 대표 자연관광지로 기암절벽과 등대가 아름다운 곳. 다누비열차를 타고 편안하게 관광 가능,부산광역시 영도구 전망로,35.0514,129.0856,budget_low,3,"[""family"",""friends"",""couple""]","[""자연관광"",""기암절벽"",""등대"",""다누비열차"",""전망""]",4.3,https://example.com/taejongdae.jpg,4.4,180,2000,ATTRACTION
부산 해동 용궁사,GSD,부산,attraction,바다 위에 세워진 독특한 사찰로 일출 명소로 유명. 용왕님께 소원을 빌 수 있는 신비로운 곳,부산광역시 기장군 시랑리,35.1881,129.2231,budget_free,2,"[""family"",""friends"",""couple"",""solo""]","[""사찰"",""바다"",""일출"",""용왕님"",""소원""]",4.2,https://example.com/haedong-yonggungsa.jpg,4.3,120,0,ATTRACTION
부산 청년 로컬푸드카페,GSD,부산,cafe,지역 청년들이 운영하는 로컬푸드 전문 카페. 부산 특산품을 활용한 메뉴와 바다 전망이 특징,부산광역시 수영구 광안동,35.1536,129.1186,budget_medium,2,"[""friends"",""couple"",""solo""]","[""로컬푸드"",""청년운영"",""특산품"",""바다전망"",""지역경제""]",4.1,https://example.com/busan-local-cafe.jpg,4.1,120,0,CAFE
부산 오륙도 스카이워크,GSD,부산,attraction,바다 위에 설치된 투명 전망대로 스릴과 절경을 동시에 즐길 수 있는 핫플레이스,부산광역시 남구 오륙도로,35.1081,129.1189,budget_free,1,"[""friends"",""couple"",""family""]","[""스카이워크"",""투명전망대"",""바다"",""스릴"",""핫플""]",4.2,https://example.com/oryukdo-skywalk.jpg,4.2,90,0,ATTRACTION
대구 동성로,GSD,대구,shopping,대구의 대표 번화가로 쇼핑과 맛집이 가득한 젊은이들의 거리. 다양한 브랜드와 카페가 즐비,대구광역시 중구 동성로,35.8714,128.5956,budget_medium,3,"[""friends"",""couple"",""solo""]","[""번화가"",""쇼핑"",""맛집"",""젊은이"",""브랜드""]",4.1,https://example.com/dongseong-ro.jpg,4.2,180,0,SHOPPING
대구 서문시장,GSD,대구,restaurant,대구 대표 전통시장으로 칼국수와 납작만두가 유명. 400년 역사의 전통과 맛을 자랑하는 곳,대구광역시 중구 큰장로,35.8781,128.5769,budget_low,2,"[""friends"",""family""]","[""전통시장"",""칼국수"",""납작만두"",""400년역사"",""전통""]",4.3,https://example.com/seomun-market.jpg,4.4,120,0,RESTAURANT
대구 김광석다시그리기길,GSD,대구,attraction,가수 김광석을 기리는 벽화거리로 감성적인 포토스팟. 음악과 예술이 어우러진 문화공간,대구광역시 중구 달구벌대로,35.8625,128.5947,budget_free,2,"[""friends"",""couple"",""solo""]","[""김광석"",""벽화거리"",""포토스팟"",""음악"",""예술""]",4.0,https://example.com/kim-gwangseok-street.jpg,4.0,120,0,ATTRACTION
대구 청년창업 허브,GSD,대구,cafe,대구 청년들의 창업 아이디어가 모이는 복합문화공간. 카페와 코워킹스페이스가 결합된 혁신적 공간,대구광역시 수성구 범어동,35.8575,128.6300,budget_medium,2,"[""friends"",""solo""]","[""청년창업"",""복합문화"",""코워킹"",""혁신적"",""아이디어""]",3.9,https://example.com/daegu-startup-hub.jpg,3.9,120,0,CAFE
대구 앞산공원,GSD,대구,attraction,대구 시민들의 휴식처로 케이블카와 전망대가 있는 도심 속 자연공간. 등산과 산책을 동시에,대구광역시 남구 앞산순환로,35.8233,128.5647,budget_low,3,"[""family"",""friends"",""solo""]","[""공원"",""케이블카"",""전망대"",""도심자연"",""등산""]",4.0,https://example.com/apsan-park.jpg,4.0,180,3000,ATTRACTION
대구 수성못,GSD,대구,attraction,대구의 대표적인 도심 호수공원으로 오리배와 분수쇼를 즐길 수 있는 데이트 명소,대구광역시 수성구 두산동,35.8250,128.6306,budget_low,2,"[""couple"",""family"",""friends""]","[""호수공원"",""오리배"",""분수쇼"",""데이트"",""도심""]",4.1,https://example.com/suseong-lake.jpg,4.1,120,0,ATTRACTION
대구 83타워,GSD,대구,attraction,대구 시내를 한눈에 내려다볼 수 있는 전망타워. 야경이 특히 아름다워 커플들에게 인기,대구광역시 달서구 두류공원로,35.8511,128.5644,budget_medium,1,"[""couple"",""friends"",""family""]","[""전망타워"",""야경"",""커플"",""시내전망"",""데이트""]",3.9,https://example.com/83tower.jpg,3.9,90,5000,ATTRACTION
대구 경북대학교,GSD,대구,attraction,아름다운 캠퍼스로 유명한 대학교. 벚꽃 시즌에는 캠퍼스 투어와 함께 꽃구경이 인기,대구광역시 북구 대학로,35.8900,128.6117,budget_free,2,"[""friends"",""solo"",""couple""]","[""대학교"",""캠퍼스"",""벚꽃"",""투어"",""아름다운""]",3.8,https://example.com/kyungpook-university.jpg,3.8,120,0,ATTRACTION
울산 대왕암공원,GSD,울산,attraction,울산의 대표 해안 관광지로 기암괴석과 등대가 아름다운 곳. 일출 명소로도 유명,울산광역시 동구 일산동,35.5050,129.3392,budget_free,2,"[""family"",""friends"",""couple""]","[""해안관광"",""기암괴석"",""등대"",""일출"",""무료""]",4.2,https://example.com/daewangam-park.jpg,4.3,120,0,ATTRACTION
울산 태화강 국가정원,GSD,울산,attraction,도심 속 생태정원으로 십리대숲과 다양한 꽃들이 사계절 아름다운 무료 휴식공간,울산광역시 중구 태화동,35.5392,129.3133,budget_free,3,"[""family"",""friends"",""couple"",""solo""]","[""생태정원"",""십리대숲"",""사계절"",""무료"",""도심""]",4.3,https://example.com/taehwagang-garden.jpg,4.4,180,0,ATTRACTION
울산 현대 모터스튜디오,GSD,울산,attraction,현대자동차의 혁신기술을 체험할 수 있는 전시관. 자동차 제조과정과 미래기술을 학습,울산광역시 북구 염포로,35.5533,129.3506,budget_low,2,"[""family"",""friends"",""solo""]","[""현대자동차"",""혁신기술"",""전시관"",""제조과정"",""미래기술""]",4.0,https://example.com/hyundai-motorstudio.jpg,4.0,120,3000,ATTRACTION
울산 청년창업센터,GSD,울산,cafe,울산 청년들의 창업 아이디어와 기술이 만나는 복합공간. 산업도시의 혁신을 체험할 수 있음,울산광역시 남구 삼산로,35.5400,129.3300,budget_medium,2,"[""friends"",""solo""]","[""청년창업"",""혁신"",""산업도시"",""기술"",""복합공간""]",3.8,https://example.com/ulsan-startup.jpg,3.8,120,0,CAFE
울산 간절곶,GSD,울산,attraction,한반도에서 가장 먼저 해가 뜨는 곳으로 유명한 일출 명소. 소원우체통과 함께 로맨틱한 데이트 코스,울산광역시 울주군 서생면,35.3619,129.3569,budget_free,2,"[""couple"",""friends"",""family""]","[""일출명소"",""한반도최초"",""소원우체통"",""로맨틱"",""데이트""]",4.4,https://example.com/ganjeolgot.jpg,4.5,120,0,ATTRACTION
울산 장생포 고래문화마을,GSD,울산,attraction,고래의 역사와 문화를 체험할 수 있는 테마마을. 고래박물관과 생태체험관이 있는 교육적 공간,울산광역시 남구 장생포고래로,35.5153,129.3478,budget_low,3,"[""family"",""friends""]","[""고래문화"",""테마마을"",""박물관"",""생태체험"",""교육""]",4.0,https://example.com/jangsaengpo-whale.jpg,4.0,180,2000,ATTRACTION
울산 성남동 벽화마을,GSD,울산,attraction,컬러풀한 벽화로 꾸며진 마을로 예술과 일상이 어우러진 포토스팟. 젊은 작가들의 작품 감상,울산광역시 중구 성남동,35.5669,129.3167,budget_free,2,"[""friends"",""couple"",""solo""]","[""벽화마을"",""예술"",""포토스팟"",""젊은작가"",""컬러풀""]",3.9,https://example.com/seongnam-mural.jpg,3.9,120,0,ATTRACTION
울산 반구대 암각화,GSD,울산,attraction,선사시대 암각화가 새겨진 국보급 문화재. 고래와 사냥 모습 등 선조들의 생활상을 엿볼 수 있음,울산광역시 울주군 언양읍,35.6167,129.2167,budget_low,2,"[""family"",""friends"",""solo""]","[""암각화"",""선사시대"",""국보"",""고래"",""문화재""]",3.8,https://example.com/bangudae-petroglyphs.jpg,3.8,120,1000,ATTRACTION
울산 청년 농부카페,GSD,울산,cafe,울산 근교에서 청년 농부들이 운영하는 팜카페. 직접 재배한 농산물로 만든 건강한 음료와 브런치,울산광역시 울주군 삼남면,35.4833,129.2500,budget_medium,2,"[""friends"",""family"",""couple""]","[""팜카페"",""청년농부"",""건강한"",""농산물"",""브런치""]",4.0,https://example.com/ulsan-farm-cafe.jpg,4.0,120,0,CAFE
울산 로컬푸드 직매장,GSD,울산,shopping,울산 지역 농산물과 특산품을 저렴하게 구매할 수 있는 직매장. 신선함과 가성비를 동시에,울산광역시 남구 두왕로,35.5167,129.3000,budget_low,1,"[""family"",""friends"",""solo""]","[""로컬푸드"",""직매장"",""농산물"",""특산품"",""가성비""]",3.7,https://example.com/ulsan-local-food.jpg,3.7,90,0,SHOPPING
성산일출봉,JJD,제주시,attraction,제주의 대표 일출 명소로 유네스코 세계자연유산. 정상에서 보는 일출과 바다 전망이 장관,제주특별자치도 제주시 성산읍,33.4583,126.9419,budget_low,3,"[""family"",""friends"",""couple"",""solo""]","[""일출"",""세계자연유산"",""바다전망"",""등산"",""성산봉""]",4.5,https://example.com/seongsan-ilchulbong.jpg,4.6,180,5000,ATTRACTION
제주 동문시장,JJD,제주시,restaurant,제주의 대표 전통시장으로 흑돼지고기와 해산물 등 제주 특산품을 저렴하게 맛볼 수 있는 곳,제주특별자치도 제주시 관덕로,33.5147,126.5275,budget_low,2,"[""friends"",""family""]","[""전통시장"",""흑돼지"",""해산물"",""특산품"",""먹거리""]",4.2,https://example.com/dongmun-market.jpg,4.3,120,0,RESTAURANT
제주 청년창업몰,JJD,제주시,shopping,제주 청년들이 운영하는 독창적인 상점들이 모인 쇼핑공간. 제주산 농산물과 수제 공예품 판매,제주특별자치도 제주시 연동,33.4996,126.5311,budget_medium,2,"[""friends"",""solo"",""couple""]","[""청년창업"",""독창적"",""제주산"",""수제공예"",""쇼핑""]",4.0,https://example.com/jeju-youth-mall.jpg,4.0,120,0,SHOPPING
한라산 국립공원,JJD,제주시,attraction,제주의 상징인 한라산으로 다양한 등산코스와 아름다운 자연경관을 자랑. 사계절 각기 다른 매력,제주특별자치도 제주시 해안동,33.3617,126.5292,budget_free,6,"[""friends"",""family"",""solo""]","[""한라산"",""등산"",""자연경관"",""사계절"",""국립공원""]",4.6,https://example.com/hallasan.jpg,4.7,360,0,ATTRACTION
제주 이호테우 해변,JJD,제주시,attraction,제주시내에서 가까운 아름다운 해변으로 말 조형물이 유명한 포토스팟. 산책과 일몰 감상에 최적,제주특별자치도 제주시 이호일동,33.4975,126.4550,budget_free,2,"[""couple"",""friends"",""family""]","[""해변"",""말조형물"",""포토스팟"",""일몰"",""산책""]",4.1,https://example.com/iho-tewoo.jpg,4.2,120,0,ATTRACTION
제주 애월 카페거리,JJD,제주시,cafe,바다를 보며 커피를 마실 수 있는 제주의 대표 카페거리. 감성적인 인테리어와 바다 전망이 일품,제주특별자치도 제주시 애월읍,33.4686,126.3097,budget_medium,3,"[""friends"",""couple"",""solo""]","[""카페거리"",""바다전망"",""감성적"",""애월"",""인테리어""]",4.4,https://example.com/aewol-cafe.jpg,4.5,180,0,CAFE
제주돌문화공원,JJD,제주시,attraction,제주의 돌문화를 체험할 수 있는 테마공원. 돌하르방과 다양한 돌 조각상을 감상하며 산책,제주특별자치도 제주시 조천읍,33.4800,126.7097,budget_medium,2,"[""family"",""friends"",""couple""]","[""돌문화"",""테마공원"",""돌하르방"",""조각상"",""체험""]",3.9,https://example.com/stone-park.jpg,3.9,120,5000,ATTRACTION
제주 청년농부 마켓,JJD,제주시,shopping,제주 청년 농부들이 직접 재배한 농산물과 가공품을 판매하는 로컬마켓. 지역경제 활성화에 기여,제주특별자치도 제주시 한림읍,33.4167,126.2667,budget_low,1,"[""family"",""friends"",""solo""]","[""청년농부"",""로컬마켓"",""농산물"",""가공품"",""지역경제""]",3.8,https://example.com/jeju-young-farmer.jpg,3.8,90,0,SHOPPING
중문 대포해안,JJD,서귀포,attraction,제주의 대표 관광지 중문 관광단지 내 아름다운 해안. 주상절리와 파도가 만드는 장관을 감상,제주특별자치도 서귀포시 중문동,33.2386,126.4156,budget_free,2,"[""family"",""friends"",""couple""]","[""해안"",""주상절리"",""파도"",""중문"",""관광단지""]",4.3,https://example.com/jungmun-daepo.jpg,4.4,120,0,ATTRACTION
서귀포 매일올레시장,JJD,서귀포,restaurant,서귀포의 대표 전통시장으로 감귤과 해산물 등 제주 남부 특산품을 저렴하게 구매할 수 있는 곳,제주특별자치도 서귀포시 중앙로,33.2469,126.5597,budget_low,2,"[""friends"",""family""]","[""전통시장"",""감귤"",""해산물"",""남부특산품"",""먹거리""]",4.1,https://example.com/maeil-olle-market.jpg,4.2,120,0,RESTAURANT
천지연폭포,JJD,서귀포,attraction,제주의 3대 폭포 중 하나로 야간 조명이 아름다운 관광명소. 천연기념물 담팔수 자생지로도 유명,제주특별자치도 서귀포시 천지동,33.2447,126.5619,budget_low,2,"[""family"",""friends"",""couple""]","[""폭포"",""야간조명"",""천연기념물"",""담팔수"",""3대폭포""]",4.2,https://example.com/cheonjiyeon.jpg,4.3,120,2000,ATTRACTION
서귀포 청년창업거리,JJD,서귀포,cafe,서귀포 원도심의 젊은 창업가들이 모인 거리. 제주 감귤을 활용한 음료와 디저트가 특징,제주특별자치도 서귀포시 서귀동,33.2469,126.5597,budget_medium,2,"[""friends"",""couple"",""solo""]","[""청년창업"",""원도심"",""감귤음료"",""디저트"",""특징적""]",4.0,https://example.com/seogwipo-startup.jpg,4.0,120,0,CAFE
정방폭포,JJD,서귀포,attraction,바다로 직접 떨어지는 국내 유일한 해안폭포. 시원한 물소리와 바다 전망을 함께 즐길 수 있음,제주특별자치도 서귀포시 동홍동,33.2381,126.5711,budget_low,1,"[""family"",""friends"",""couple""]","[""해안폭포"",""바다전망"",""유일한"",""물소리"",""시원한""]",4.0,https://example.com/jeongbang-waterfall.jpg,4.0,90,2000,ATTRACTION
서귀포 매화마을,JJD,서귀포,attraction,매화꽃이 아름다운 작은 마을로 봄철 꽃구경 명소. 평화로운 농촌 풍경과 포토스팟이 인기,제주특별자치도 서귀포시 안덕면,33.2500,126.3167,budget_free,2,"[""couple"",""friends"",""family""]","[""매화마을"",""꽃구경"",""봄철"",""농촌풍경"",""포토스팟""]",3.9,https://example.com/maehwa-village.jpg,3.9,120,0,ATTRACTION
오설록 티뮤지엄,JJD,서귀포,attraction,제주 녹차의 모든 것을 체험할 수 있는 차 박물관. 티 테이스팅과 제품 구매가 가능한 복합공간,제주특별자치도 서귀포시 안덕면,33.3069,126.2889,budget_medium,2,"[""family"",""friends"",""couple""]","[""녹차"",""차박물관"",""티테이스팅"",""체험"",""복합공간""]",4.2,https://example.com/osulloc.jpg,4.2,120,0,ATTRACTION
서귀포 로컬푸드 직매장,JJD,서귀포,shopping,서귀포 지역 농산물과 특산품을 직접 판매하는 매장. 신선한 감귤과 한라봉이 특히 인기,제주특별자치도 서귀포시 표선면,33.3167,126.8333,budget_low,1,"[""family"",""friends"",""solo""]","[""로컬푸드"",""직매장"",""감귤"",""한라봉"",""신선한""]",3.8,https://example.com/seogwipo-local.jpg,3.8,90,0,SHOPPING
제주민속촌,JJD,서귀포,attraction,제주의 전통문화와 생활상을 재현한 민속촌. 전통가옥과 문화체험 프로그램을 통해 제주 역사 학습,제주특별자치도 서귀포시 표선면,33.3183,126.8039,budget_medium,3,"[""family"",""friends"",""solo""]","[""민속촌"",""전통문화"",""생활상"",""문화체험"",""역사학습""]",4.0,https://example.com/jeju-folk-village.jpg,4.0,180,15000,ATTRACTION
성읍민속마을,JJD,제주동부,attraction,제주의 전통 초가집과 돌담이 보존된 민속마을. 제주 고유의 건축양식과 생활문화를 체험,제주특별자치도 서귀포시 표선면,33.3333,126.8167,budget_low,2,"[""family"",""friends"",""solo""]","[""민속마을"",""초가집"",""돌담"",""건축양식"",""생활문화""]",4.0,https://example.com/seongeup-folk-village.jpg,4.0,120,2000,ATTRACTION
비자림,JJD,제주동부,attraction,천연기념물로 지정된 비자나무 숲으로 산림욕과 힐링을 즐길 수 있는 자연휴양림,제주특별자치도 제주시 구좌읍,33.4833,126.8167,budget_low,2,"[""family"",""friends"",""solo"",""couple""]","[""비자나무"",""천연기념물"",""산림욕"",""힐링"",""자연휴양림""]",4.1,https://example.com/bijarim.jpg,4.2,120,3000,ATTRACTION
김녕미로공원,JJD,제주동부,attraction,제주에서 유일한 미로공원으로 가족 단위 방문객에게 인기. 미로찾기 게임과 포토존이 즐거움을 선사,제주특별자치도 제주시 구좌읍,33.5567,126.7553,budget_medium,2,"[""family"",""friends"",""couple""]","[""미로공원"",""유일한"",""가족"",""게임"",""포토존""]",3.8,https://example.com/gimnyeong-maze.jpg,3.8,120,9000,ATTRACTION
제주동부 청년농장카페,JJD,제주동부,cafe,제주 동부 지역 청년 농부들이 운영하는 팜카페. 직접 재배한 농산물로 만든 건강한 음료와 간식,제주특별자치도 제주시 구좌읍,33.4500,126.8000,budget_medium,2,"[""friends"",""family"",""couple""]","[""팜카페"",""청년농부"",""동부지역"",""건강한"",""직접재배""]",4.0,https://example.com/jeju-east-farm-cafe.jpg,4.0,120,0,CAFE
월정리 해변,JJD,제주동부,attraction,제주 동부의 아름다운 에메랄드빛 바다로 유명한 해변. SNS 핫플레이스로 젊은층에게 인기,제주특별자치도 제주시 구좌읍,33.5567,126.7692,budget_free,3,"[""friends"",""couple"",""family""]","[""에메랄드빛"",""해변"",""SNS핫플"",""젊은층"",""아름다운""]",4.4,https://example.com/woljeongri-beach.jpg,4.5,180,0,ATTRACTION
세화 해변,JJD,제주동부,attraction,한적하고 조용한 제주 동부의 숨은 명소. 현지인들이 즐겨 찾는 깨끗한 해변으로 힐링 여행에 최적,제주특별자치도 제주시 구좌읍,33.5000,126.7833,budget_free,2,"[""couple"",""solo"",""friends""]","[""한적한"",""조용한"",""숨은명소"",""현지인"",""힐링""]",3.9,https://example.com/sehwa-beach.jpg,3.9,120,0,ATTRACTION
제주동부 전통시장,JJD,제주동부,restaurant,제주 동부 지역의 전통시장으로 신선한 해산물과 농산물을 저렴하게 구매할 수 있는 곳,제주특별자치도 제주시 구좌읍,33.4667,126.7833,budget_low,1,"[""family"",""friends""]","[""전통시장"",""동부지역"",""해산물"",""농산물"",""저렴한""]",3.7,https://example.com/jeju-east-market.jpg,3.7,90,0,RESTAURANT
제주동부 청년창업센터,JJD,제주동부,shopping,제주 동부 지역 청년들의 창업 아이템을 만날 수 있는 복합쇼핑공간. 독창적인 제주산 상품들이 특징,제주특별자치도 제주시 구좌읍,33.4833,126.7667,budget_medium,2,"[""friends"",""solo""]","[""청년창업"",""동부지역"",""복합쇼핑"",""독창적"",""제주산""]",3.8,https://example.com/jeju-east-startup.jpg,3.8,120,0,SHOPPING